{
	"Up" : {
		"type" : "buttons",
		"idx" : "12"
	},
	"Down" : {
		"type" : "buttons",
		"idx" : "13"
	},
	"Left" : {
		"type" : "buttons",
		"idx" : "14"
	},
	"Right" : {
		"type" : "buttons",
		"idx" : "15"
	},
	
	"LUp" : {
		"type" : "axes-",
		"idx" : "1"
	},
	"LDown" : {
		"type" : "axes+",
		"idx" : "1"
	},
	"LLeft" : {
		"type" : "axes-",
		"idx" : "0"
	},
	"LRight" : {
		"type" : "axes+",
		"idx" : "0"
	},
	
	"RUp" : {
		"type" : "axes-",
		"idx" : "3"
	},
	"RDown" : {
		"type" : "axes+",
		"idx" : "3"
	},
	"RLeft" : {
		"type" : "axes-",
		"idx" : "2"
	},
	"RRight" : {
		"type" : "axes+",
		"idx" : "2"
	},
	
	"A": { 
		"type" : "buttons",
		"idx" : "0"
	},
	"B": { 
		"type" : "buttons",
		"idx" : "1"
	},
	"X": { 
		"type" : "buttons",
		"idx" : "2"
	},
	"Y": { 
		"type" : "buttons",
		"idx" : "3"
	},
	"Start": { 
		"type" : "buttons",
		"idx" : "9"
	},
	"Select": { 
		"type" : "buttons",
		"idx" : "8"
	},
	"L1": { 
		"type" : "buttons",
		"idx" : "4"
	},
	"R1": { 
		"type" : "buttons",
		"idx" : "5"
	},
	"L2": { 
		"type" : "buttons",
		"idx" : "6"
	},
	"R2": { 
		"type" : "buttons",
		"idx" : "7"
	},
	"L3": { 
		"type" : "buttons",
		"idx" : "10"
	},
	"R3": { 
		"type" : "buttons",
		"idx" : "11"
	},
	"Home": { 
		"type" : "buttons",
		"idx" : "16"
	}
}