{
	"Up" : {
		"type" : "axes+",
		"idx" : "0"
	},
	"Down" : {
		"type" : "axes-",
		"idx" : "0"
	},
	"Left" : {
		"type" : "axes+",
		"idx" : "1"
	},
	"Right" : {
		"type" : "axes-",
		"idx" : "1"
	},
	"A": { 
		"type" : "buttons",
		"idx" : "0"
	},
	"B": { 
		"type" : "buttons",
		"idx" : "1"
	},
	"X": { 
		"type" : "buttons",
		"idx" : "2"
	},
	"Y": { 
		"type" : "buttons",
		"idx" : "3"
	},
	"Start": { 
		"type" : "buttons",
		"idx" : "4"
	},
	"Select": { 
		"type" : "buttons",
		"idx" : "5"
	}
}